Id,KVKNummer,VestigingNummer,LaatstGewijzigdTijdstip_MA,HoofdNevenVestiging,Actief,Indicator_Onderneming,Indicator_Vestiging,ImportIndicator,ExportIndicator,Indicator_Faillissement,ActiviteitCode,AanvangDatum_MA,EindDatum_MA,AanvangDatum_Vest,EindDatum_Vest,BedrijfsOmschrijving,WPFullTime,WPPartTime,PersoonType,NaamNietNatuurlijkPersoon,NaamVestiging,RechtsvormCode,Rechtsvorm,HandelsnaamVestiging,HandelsnaamOnderneming,DatumUitschrijvingNNP,NaamNatuurlijkPersoon,NaamMaatschappelijkeActiviteit,ActiviteitNiveau,AdresType_Vestiging,Postcode_Vestiging,Plaats_Vestiging,PostcodeWoonplaats_Vestiging,LandCode_Vestiging,Land_Vestiging,GemeenteCode_Vestiging,Gemeente_Vestiging,CoropCode_Vestiging,Corop_Vestiging,Provincie_Vestiging,Regio_Vestiging,KrimpGebied_Vestiging,AnticipeerGebied_Vestiging,IbisPlanNaam_Vestiging,AdresType_RechtsPersoon,Postcode_RechtsPersoon,Plaats_RechtsPersoon,PostcodeWoonplaats_RechtsPersoon,LandCode_RechtsPersoon,Land_RechtsPersoon,GemeenteCode_RechtsPersoon,Gemeente_RechtsPersoon,CoropCode_RechtsPersoon,Corop_RechtsPersoon,Provincie_RechtsPersoon,Regio_RechtsPersoon,KrimpGebied_RechtsPersoon,AnticipeerGebied_RechtsPersoon,IbisPlanNaam_RechtsPersoon,lat,lon
1178628,015828107,09867709295,2020-04-28 13:36:07.8710000,Hoofdvestiging,Ja,Ja,Ja,Nee,Nee,Nee,86929          ,20120224,,20120224,,Het leveren van verantwoorde medisch specialistische zorg op het gebied van orthopedie; het verlenen van medische en humanitaire hulp aan Suriname in samenwerking met daarvoor in aanmerking komende instellingen en organisaties,2,0,Stichting,Cruz-Sutton,,ST,Stichting,Gutierrez Group,Gutierrez Group,,,Cruz-Sutton,Neven,,,,,,,,,,,,,,,,BINNENLANDS,1083,Amsterdam,,6030,NEDERLAND,363,Amsterdam,CR23,Groot-Amsterdam,Noord-Holland,Noordwest,Nee,Nee,zz - n.v.t./onbekend,52.30934369073747,4.88454779702652
13598565,006451423,03772422261,2022-06-28 13:44:49.0010000,Hoofdvestiging,Nee,Ja,Ja,Nee,Nee,Nee,82999          ,20120229,20220609.0,20130601,20220609.0,Tegen vergoeding aanbieden van netwerkplekken tijdens een netwerkevenement,0,0,Stichting,Bradley Inc,,ST,Stichting,Bradley Inc,Bradley Inc,,,Bradley Inc,,,,,,,,,,,,,,,,,BINNENLANDS,5613,Eindhoven,,6030,NEDERLAND,772,Eindhoven,CR36,Zuidoost-Noord-Brabant,Noord-Brabant,Zuid,Nee,Nee,zz - n.v.t./onbekend,51.45073070354239,5.500133280420841
1973929,051804166,03835681349,2022-05-25 12:16:08.2820000,Hoofdvestiging,Ja,Ja,Ja,Nee,Nee,Nee,86919          ,20120314,,20120314,,"Het uitoefenen van een onderneming, welke zich bezig houdt:
- met medische specialistische zorgverlening;
- aanvullende medische en paramedische zorgverlening.",0,0,Stichting,"Flores, Jones and Pope",,ST,Stichting,"Flores, Jones and Pope","Flores, Jones and Pope",,,"Flores, Jones and Pope",Hoofd,,,,,,,,,,,,,,,,BINNENLANDS,5632,Eindhoven,,6030,NEDERLAND,772,Eindhoven,CR36,Zuidoost-Noord-Brabant,Noord-Brabant,Zuid,Nee,Nee,zz - n.v.t./onbekend,51.45096241345005,5.453898511376664
11735140,063572655,07265274934,2018-01-09 14:28:02.7950000,Hoofdvestiging,Nee,Ja,Ja,Nee,Nee,Nee,9609           ,20120320,20171231.0,20120320,20171231.0,Het realiseren van diensten in zorg en welzijn.,0,0,Stichting,"Mcclain, Johnson and Martinez",,ST,Stichting,"Mcclain, Johnson and Martinez","Mcclain, Johnson and Martinez",,,"Mcclain, Johnson and Martinez",,,,,,,,,,,,,,,,,BINNENLANDS,3034,Rotterdam,,6030,NEDERLAND,599,Rotterdam,CR29,Groot-Rijnmond,Zuid-Holland,Zuidwest,Nee,Nee,zz - n.v.t./onbekend,51.92072038495734,4.433811641969634
13583448,040644122,07089340237,2019-08-12 11:18:54.0690000,Hoofdvestiging,Nee,Ja,Ja,Nee,Nee,Ja,85519          ,20120308,20200428.0,20120308,20190730.0,"Het bevorderen van de mogelijkheden tot sportbeoefening;
het creëren van werkgelegenheid in de sport, waaronder
de mogelijkheden tot stages",2,10,Stichting,Fleming Group,,ST,Stichting,Fleming Group,Fleming Group,,,Fleming Group,,,,,,,,,,,,,,,,,BINNENLANDS,1067,Amsterdam,,6030,NEDERLAND,363,Amsterdam,CR23,Groot-Amsterdam,Noord-Holland,Noordwest,Nee,Nee,zz - n.v.t./onbekend,52.31875749104158,4.919726603350375
13918135,013370867,04344308000,2020-10-21 13:38:06.7690000,Hoofdvestiging,Nee,Ja,Ja,Nee,Nee,Nee,8891           ,20120320,20191231.0,20120320,20191231.0,Buitenschoolse opvang op sport gericht,2,0,Stichting,"Gutierrez, Sheppard and Hughes",,ST,Stichting,"Jones, Atkins and Mack","Jones, Atkins and Mack",,,"Gutierrez, Sheppard and Hughes",,BINNENLANDS,1087,Amsterdam,,6030,NEDERLAND,363.0,Amsterdam,CR23,Groot-Amsterdam,Noord-Holland,Noordwest,Nee,Nee,zz - n.v.t./onbekend,BINNENLANDS,1087,Amsterdam,,6030,NEDERLAND,363,Amsterdam,CR23,Groot-Amsterdam,Noord-Holland,Noordwest,Nee,Nee,zz - n.v.t./onbekend,52.29822128320599,4.740186963773701
639755,094606058,02251818909,2020-01-06 10:56:50.8420000,Hoofdvestiging,Ja,Ja,Ja,Nee,Nee,Nee,94997          ,20120401,,20120401,,Het voorlichten en adviseren van woningeigenaren en/of VvE's die energiebesparende maatregelen willen nemen,0,0,Stichting,Morgan-Barrera,,ST,Stichting,Morgan-Barrera,Morgan-Barrera,,,Morgan-Barrera,Hoofd,,,,,,,,,,,,,,,,BINNENLANDS,1103,Amsterdam,,6030,NEDERLAND,363,Amsterdam,CR23,Groot-Amsterdam,Noord-Holland,Noordwest,Nee,Nee,zz - n.v.t./onbekend,52.363716237751184,4.969677446744152
7737361,037303637,07884514131,2014-05-07 09:12:48.9990000,Hoofdvestiging,Ja,Ja,Ja,Nee,Nee,Nee,6209           ,20120523,,20130911,,"Advies en automatisering, zijnde het ontwikkelen (programmeren, ontwerpen van programmatuur, alsmede het beheren van deze systemen. In het bijzonder daar waar burgerrechten, mensenrechten en beveiliging relateren aan automatisering, zijnde elk gebied waar het gebruik van automatisering consequenties hebben voor deze rechten en of de uitvoer daarvan.",1,1,Stichting,Nelson PLC,,ST,Stichting,Nelson PLC,Nelson PLC,,,Nelson PLC,Hoofd,BINNENLANDS,1013,Amsterdam,,6030,NEDERLAND,363.0,Amsterdam,CR23,Groot-Amsterdam,Noord-Holland,Noordwest,Nee,Nee,zz - n.v.t./onbekend,BINNENLANDS,1013,Amsterdam,,6030,NEDERLAND,363,Amsterdam,CR23,Groot-Amsterdam,Noord-Holland,Noordwest,Nee,Nee,zz - n.v.t./onbekend,52.358779529308116,4.832644565987104
678980,042899343,08289353678,2016-04-18 12:17:05.0940000,Hoofdvestiging,Nee,Ja,Ja,Nee,Nee,Nee,70221          ,20120530,20160413.0,20120530,20160413.0,"Het uitvoeren, begeleiden en organiseren van promotionele activiteiten, het ontplooien en begeleiden van commerciéle activiteiten op handelsgebied in binnen- en buitenland, alsmede het beheren van aandelen en vermogen",1,0,Stichting,Velazquez LLC,,ST,Stichting,Velazquez LLC,Velazquez LLC,,,Velazquez LLC,,BINNENLANDS,5611,Eindhoven,,6030,NEDERLAND,772.0,Eindhoven,CR36,Zuidoost-Noord-Brabant,Noord-Brabant,Zuid,Nee,Nee,zz - n.v.t./onbekend,BINNENLANDS,5611,Eindhoven,,6030,NEDERLAND,772,Eindhoven,CR36,Zuidoost-Noord-Brabant,Noord-Brabant,Zuid,Nee,Nee,zz - n.v.t./onbekend,51.44678685261152,5.4517730778134155
9985800,088017093,01843406482,2014-04-12 06:00:23.8290000,Hoofdvestiging,Nee,Ja,Ja,Nee,Nee,Ja,86929          ,20120604,20170711.0,20120604,20140121.0,Het leveren van verantwoorde medische specialistische zorg op het gebied van Geestelijke Gezondheidszorg (GGZ) en somatische revalidatie.,1,0,Stichting,Davis-Perez,,ST,Stichting,Davis-Perez,Davis-Perez,,,Davis-Perez,,BINNENLANDS,3042,Rotterdam,,6030,NEDERLAND,599.0,Rotterdam,CR29,Groot-Rijnmond,Zuid-Holland,Zuidwest,Nee,Nee,zz - n.v.t./onbekend,BINNENLANDS,3042,Rotterdam,,6030,NEDERLAND,599,Rotterdam,CR29,Groot-Rijnmond,Zuid-Holland,Zuidwest,Nee,Nee,zz - n.v.t./onbekend,51.88433703913243,4.517199759168426
2239004,022766754,08190688448,2014-04-12 06:04:15.4430000,Hoofdvestiging,Ja,Ja,Ja,Nee,Nee,Nee,86929          ,20120611,,20120611,,Het leveren van verantwoorde medisch specialistische zorg op het gebied van dermatologie,1,0,Stichting,Mitchell PLC,,ST,Stichting,Mitchell PLC,Mitchell PLC,,,Mitchell PLC,Hoofd,,,,,,,,,,,,,,,,BINNENLANDS,1082,Amsterdam,,6030,NEDERLAND,363,Amsterdam,CR23,Groot-Amsterdam,Noord-Holland,Noordwest,Nee,Nee,zz - n.v.t./onbekend,52.29560302685184,4.921501781437908
14256289,047869165,06332936493,2021-09-07 13:47:03.9680000,Hoofdvestiging,Nee,Ja,Ja,Nee,Nee,Nee,47792          ,20120625,20210701.0,20120625,20210701.0,Verkoop tweedehands kleding,1,0,Stichting,"Reyes, Trujillo and Calderon",,ST,Stichting,"Reyes, Trujillo and Calderon","Reyes, Trujillo and Calderon",,,"Reyes, Trujillo and Calderon",,BINNENLANDS,1024,Amsterdam,,6030,NEDERLAND,363.0,Amsterdam,CR23,Groot-Amsterdam,Noord-Holland,Noordwest,Nee,Nee,zz - n.v.t./onbekend,BINNENLANDS,1024,Amsterdam,,6030,NEDERLAND,363,Amsterdam,CR23,Groot-Amsterdam,Noord-Holland,Noordwest,Nee,Nee,zz - n.v.t./onbekend,52.3098297213556,4.7651472060241
10430231,026617617,02198289047,2021-09-21 11:34:22.8580000,Hoofdvestiging,Nee,Ja,Ja,Nee,Nee,Nee,6420           ,20000531,,20000531,20081125.0,"Beheren, beleggen en exploiteren, bezitten, verkrijgen en vervreemden van aandelen in andere vennootschappen, van alle andere lichamelijke en onlichamelijke zaken.",1,0,BeslotenVennootschap,"Jones, Stephens and Frazier",,BV,Besloten Vennootschap,"Jones, Stephens and Frazier","Jones, Stephens and Frazier",,,"Jones, Stephens and Frazier",,BINNENLANDS,1058,Amsterdam,,6030,NEDERLAND,363.0,Amsterdam,CR23,Groot-Amsterdam,Noord-Holland,Noordwest,Nee,Nee,zz - n.v.t./onbekend,BINNENLANDS,1058,Amsterdam,,6030,NEDERLAND,363,Amsterdam,CR23,Groot-Amsterdam,Noord-Holland,Noordwest,Nee,Nee,zz - n.v.t./onbekend,52.35545857674033,4.882103166215235
11267074,099207385,02127381638,2012-09-07 09:56:54.6440000,Hoofdvestiging,Nee,Ja,Ja,Ja,Ja,Nee,8121           ,20080117,20120907.0,20080117,20101029.0,"Scholing aan (langdurig) werklozen m.b.t.
het voorbereiden op de arbeidsmarkt.
De im en export van goederen, het reinigen van
vloeren, muren, gebouwen, het kopen, huren- en
verhuren, verbouwen, bouwen en renoveren van
registergoederen, alsmede het deelnemen in
andere vennootschappen en/of andere
ondernemingen.",0,0,Stichting,Hoover Inc,,ST,Stichting,Hoover Inc,Hoover Inc,,,Hoover Inc,,BINNENLANDS,3027,Rotterdam,,6030,NEDERLAND,599.0,Rotterdam,CR29,Groot-Rijnmond,Zuid-Holland,Zuidwest,Nee,Nee,zz - n.v.t./onbekend,BINNENLANDS,3027,Rotterdam,,6030,NEDERLAND,599,Rotterdam,CR29,Groot-Rijnmond,Zuid-Holland,Zuidwest,Nee,Nee,zz - n.v.t./onbekend,51.94803297399564,4.394398623130405
13752821,054096895,06331537245,2014-11-07 10:18:35.4910000,Hoofdvestiging,Nee,Ja,Ja,Nee,Nee,Nee,6312           ,19980617,20141107.0,19991001,20141107.0,"Het geven van advies aan bedrijven met
betrekking tot internet
Management- en organisatie-adviezen
Uitgeverij van internetpagina's",0,1,Stichting,Estrada-Brooks,,ST,Stichting,Estrada-Brooks,Estrada-Brooks,,,Estrada-Brooks,,BINNENLANDS,9602,Hoogezand,,6030,NEDERLAND,1952.0,Midden-Groningen,CR03,Overig Groningen,Groningen,Noord,Nee,Nee,zz - n.v.t./onbekend,BINNENLANDS,3077,Rotterdam,,6030,NEDERLAND,599,Rotterdam,CR29,Groot-Rijnmond,Zuid-Holland,Zuidwest,Nee,Nee,zz - n.v.t./onbekend,51.92049150300644,4.447476325691281
6629690,057078473,04539174335,2022-11-25 11:31:50.4710000,Hoofdvestiging,Ja,Ja,Ja,Nee,Nee,Nee,59111          ,20011002,,20080201,,"Film en video productie (ook voor televisie)
Film en video postproductie (ook voor
televisie)
Productie voor film en video (ook voor
televisie)
Organiseren tentoonstellingen en bijeenkomsten
op cultureel vlak
Organiseren uitwisselingsprogramma's op
cultureel vlak
Bouwen en onderhouden van websites",3,0,Stichting,Cruz-Howe,,ST,Stichting,Cruz-Howe,Cruz-Howe,,,Cruz-Howe,Hoofd,,,,,,,,,,,,,,,,BINNENLANDS,1051,Amsterdam,,6030,NEDERLAND,363,Amsterdam,CR23,Groot-Amsterdam,Noord-Holland,Noordwest,Nee,Nee,zz - n.v.t./onbekend,52.39096185848239,4.7633529549356854
10535738,031367102,07679554060,2019-08-16 14:09:33.5590000,Hoofdvestiging,Nee,Ja,Ja,Nee,Nee,Nee,47792          ,20040915,,20140601,20140915.0,Winkel in gerecyclede kleding. Het leveren van duurzaam advies en eductatie.,0,4,Stichting,"Costa, Campbell and Garcia",,ST,Stichting,Miller Group,Miller Group,,,"Costa, Campbell and Garcia",,,,,,,,,,,,,,,,,BINNENLANDS,1019,Amsterdam,,6030,NEDERLAND,363,Amsterdam,CR23,Groot-Amsterdam,Noord-Holland,Noordwest,Nee,Nee,zz - n.v.t./onbekend,52.41097494098471,4.859756937487951
4772675,034874812,03030104247,2023-04-04 10:35:10.8410000,Hoofdvestiging,Ja,Ja,Ja,Nee,Nee,Nee,2562           ,19920323,,19870330,,Constructiebedrijf. Ter beschikking stellen van arbeid.,7,0,BeslotenVennootschap,Murphy Inc,,BV,Besloten Vennootschap,Murphy Inc,Murphy Inc,,,Murphy Inc,Neven,BINNENLANDS,9636,Zuidbroek,,6030,NEDERLAND,1952.0,Midden-Groningen,CR03,Overig Groningen,Groningen,Noord,Nee,Nee,GOUDEN DRIEHOEK,BINNENLANDS,3075,Rotterdam,,6030,NEDERLAND,599,Rotterdam,CR29,Groot-Rijnmond,Zuid-Holland,Zuidwest,Nee,Nee,zz - n.v.t./onbekend,51.94076567528178,4.424944307531628
7966939,090778585,00850934257,2023-01-16 10:26:50.1960000,Hoofdvestiging,Ja,Ja,Ja,Nee,Nee,Nee,5811           ,19981109,,20210113,,"het uitgeven van boeken, tijdschriften en overige publicaties",0,0,Stichting,"Brown, Valdez and Rhodes",,ST,Stichting,"Miller, Obrien and Dominguez","Miller, Obrien and Dominguez",,,"Brown, Valdez and Rhodes",Neven,BINNENLANDS,1012,Amsterdam,,6030,NEDERLAND,363.0,Amsterdam,CR23,Groot-Amsterdam,Noord-Holland,Noordwest,Nee,Nee,zz - n.v.t./onbekend,BINNENLANDS,1012,Amsterdam,,6030,NEDERLAND,363,Amsterdam,CR23,Groot-Amsterdam,Noord-Holland,Noordwest,Nee,Nee,zz - n.v.t./onbekend,52.41328064696526,4.755604431752362
5162105,053075556,02806040982,2023-04-25 09:41:21.6430000,Hoofdvestiging,Ja,Ja,Ja,Nee,Nee,Nee,5630           ,20061229,,20061229,,"Het exploiteren van een brasserie, alsmede
een zalen- en vergadercentrum",0,0,BeslotenVennootschap,"Walton, Holloway and Blackburn",,BV,Besloten Vennootschap,"Walton, Holloway and Blackburn","Walton, Holloway and Blackburn",,,"Walton, Holloway and Blackburn",Hoofd,,,,,,,,,,,,,,,,BINNENLANDS,3584,Utrecht,,6030,NEDERLAND,344,Utrecht,CR17,Utrecht,Utrecht,Noordwest,Nee,Nee,SCIENCE PARK DE UITHOF,52.05211407145367,5.16918849037744
1913297,064036804,00383094766,2023-02-07 15:38:15.5770000,Hoofdvestiging,Ja,Ja,Ja,Nee,Nee,Nee,94993          ,20080306,,20181123,,Sociaal ondernemerschap onder studenten stimuleren door het opzetten van kleinschalige duurzame projecten. De projecten zullen op een kleine schaal producten verkopen. Online verkoop van bakkit op basis van krekelmeel en duurzame en hervulbare verpakkingen met drogisterijartikelen.,0,5,Stichting,Parsons-Burch,,ST,Stichting,Matthews LLC,Matthews LLC,,,Parsons-Burch,Hoofd,,,,,,,,,,,,,,,,BINNENLANDS,1017,Amsterdam,,6030,NEDERLAND,363,Amsterdam,CR23,Groot-Amsterdam,Noord-Holland,Noordwest,Nee,Nee,zz - n.v.t./onbekend,52.42777792849346,4.910655752842938
12497384,005045066,05221724320,2011-03-30 11:12:38.6470000,Hoofdvestiging,Nee,Ja,Ja,Nee,Nee,Nee,85592          ,19980507,20110330.0,19980507,20110330.0,"Bevorderen en uitoefenen van mediation, geven
van opleidingen en trainingen op dit gebied",1,0,Stichting,Joyce-Marquez,,ST,Stichting,Joyce-Marquez,Joyce-Marquez,,,Joyce-Marquez,,BINNENLANDS,1098,Amsterdam,,6030,NEDERLAND,363.0,Amsterdam,CR23,Groot-Amsterdam,Noord-Holland,Noordwest,Nee,Nee,zz - n.v.t./onbekend,BINNENLANDS,1098,Amsterdam,,6030,NEDERLAND,363,Amsterdam,CR23,Groot-Amsterdam,Noord-Holland,Noordwest,Nee,Nee,zz - n.v.t./onbekend,52.360612366096944,4.736495989122519
3469874,091143714,00350853578,2022-09-16 11:37:14.6350000,Hoofdvestiging,Ja,Ja,Ja,Nee,Nee,Nee,4773           ,19971230,,19930101,,Apotheek en holdingactiviteiten,10,0,BeslotenVennootschap,Herrera-Orr,,BV,Besloten Vennootschap,Davis LLC,Davis LLC,,,Herrera-Orr,Hoofd,,,,,,,,,,,,,,,,BINNENLANDS,1071,Amsterdam,,6030,NEDERLAND,363,Amsterdam,CR23,Groot-Amsterdam,Noord-Holland,Noordwest,Nee,Nee,zz - n.v.t./onbekend,52.40778484158467,4.834314327922488
11739184,031697554,06219620572,2022-04-22 13:39:12.2640000,Hoofdvestiging,Nee,Ja,Ja,Nee,Nee,Nee,9002           ,19910626,20220325.0,19910626,20220325.0,"Dienstverlening aan derden / produktie van
culturele evenementen.",0,0,Stichting,Robles-Moody,,ST,Stichting,Butler and Sons,Butler and Sons,,,Robles-Moody,,,,,,,,,,,,,,,,,BINNENLANDS,1093,Amsterdam,,6030,NEDERLAND,363,Amsterdam,CR23,Groot-Amsterdam,Noord-Holland,Noordwest,Nee,Nee,zz - n.v.t./onbekend,52.320987959831115,4.941310526539947
13817781,076539481,07012724330,2023-04-28 13:26:19.0540000,Nevenvestiging,Nee,Ja,Ja,Nee,Nee,Nee,68201          ,19110325,,19640629,20140922.0,Exploiteren van verhuurwoningen,4,6,Stichting,"Stewart, White and Ibarra",,ST,Stichting,Maxwell and Sons,"Stewart, White and Ibarra",,,"Stewart, White and Ibarra",Hoofd,,,,,,,,,,,,,,,,BINNENLANDS,5612,Eindhoven,,6030,NEDERLAND,772,Eindhoven,CR36,Zuidoost-Noord-Brabant,Noord-Brabant,Zuid,Nee,Nee,zz - n.v.t./onbekend,51.47980614628738,5.45617929618606
5877111,050989320,05681774805,2018-06-21 18:14:11.6930000,Hoofdvestiging,Ja,Ja,Ja,Nee,Nee,Nee,93195          ,19891208,,19891208,,"Het stimuleren van de schaaksport door het
organiseren van wedstrijden en toernooien en
het verzorgen en verkopen van publikaties",3,0,Stichting,Lawson-Briggs,,ST,Stichting,"Reynolds, Sharp and Wheeler","Reynolds, Sharp and Wheeler",,,Lawson-Briggs,Neven,BINNENLANDS,5801,Venray,,6030,NEDERLAND,984.0,Venray,CR37,Noord-Limburg,Limburg,Zuid,Nee,Ja,zz - n.v.t./onbekend,BINNENLANDS,5612,Eindhoven,,6030,NEDERLAND,772,Eindhoven,CR36,Zuidoost-Noord-Brabant,Noord-Brabant,Zuid,Nee,Nee,zz - n.v.t./onbekend,51.49206171892714,5.425029510020465
5245408,001160675,02708035202,2020-09-16 09:56:50.7670000,Hoofdvestiging,Ja,Ja,Ja,Nee,Nee,Nee,6420           ,19831102,,19880801,,"Het houden van aandelen van PSV N.V. en het
bevorderen van het voetbal en andere sporten in
het algemeen",0,0,Stichting,"Turner, Olsen and Stewart",,ST,Stichting,Wood Group,Wood Group,,,"Turner, Olsen and Stewart",Hoofd,,,,,,,,,,,,,,,,BINNENLANDS,5616,Eindhoven,,6030,NEDERLAND,772,Eindhoven,CR36,Zuidoost-Noord-Brabant,Noord-Brabant,Zuid,Nee,Nee,zz - n.v.t./onbekend,51.40375397800229,5.432611996106196
6448306,009118605,09423563145,2021-04-01 10:56:05.4570000,Hoofdvestiging,Ja,Ja,Ja,Nee,Nee,Nee,5811           ,19791220,,19800901,,"Uitgeven van posters, briefkaarten en
dichtbundels/boeken",8,3,Stichting,Conrad-Caldwell,,ST,Stichting,Conrad-Caldwell,Conrad-Caldwell,,,Conrad-Caldwell,Hoofd,,,,,,,,,,,,,,,,BINNENLANDS,5642,Eindhoven,,6030,NEDERLAND,772,Eindhoven,CR36,Zuidoost-Noord-Brabant,Noord-Brabant,Zuid,Nee,Nee,KADE,51.493382522487806,5.50772121483578
6758768,081967103,06753018168,2016-01-14 08:39:54.1560000,Hoofdvestiging,Ja,Ja,Ja,Nee,Nee,Nee,8560           ,19921123,,19921123,,"Trainings- en leermethoden met de daarbij
behorende middelen te (doen) ontwikkelen,
produceren en verspreiden. Het (doen) uitvoeren
van voorlichtings- en promotie-activiteiten",0,0,Stichting,"Douglas, Long and Woods",,ST,Stichting,"Douglas, Long and Woods","Douglas, Long and Woods",,,"Douglas, Long and Woods",Hoofd,,,,,,,,,,,,,,,,BINNENLANDS,5615,Eindhoven,,6030,NEDERLAND,772,Eindhoven,CR36,Zuidoost-Noord-Brabant,Noord-Brabant,Zuid,Nee,Nee,zz - n.v.t./onbekend,51.38179961058754,5.403247023455729
10516653,064755778,02620270628,2021-01-12 13:23:58.4390000,Hoofdvestiging,Nee,Ja,Ja,Nee,Nee,Nee,8553           ,20090130,20201218.0,19950201,20201218.0,Autorijschool,1,0,Stichting,Lee-Martinez,,ST,Stichting,Lee-Martinez,Lee-Martinez,,,Lee-Martinez,,BINNENLANDS,5613,Eindhoven,,6030,NEDERLAND,772.0,Eindhoven,CR36,Zuidoost-Noord-Brabant,Noord-Brabant,Zuid,Nee,Nee,zz - n.v.t./onbekend,BINNENLANDS,5613,Eindhoven,,6030,NEDERLAND,772,Eindhoven,CR36,Zuidoost-Noord-Brabant,Noord-Brabant,Zuid,Nee,Nee,zz - n.v.t./onbekend,51.40276561157175,5.5034840759410075
5608904,055312334,04440270946,2023-03-29 13:41:54.7400000,Hoofdvestiging,Ja,Ja,Ja,Nee,Nee,Nee,4762           ,19960404,,19960404,,Boekhandel,2,0,Stichting,"Hamilton, Clarke and Ramirez",,ST,Stichting,Johnson-Brown,Johnson-Brown,,,"Hamilton, Clarke and Ramirez",Hoofd,BINNENLANDS,5616,Eindhoven,,6030,NEDERLAND,772.0,Eindhoven,CR36,Zuidoost-Noord-Brabant,Noord-Brabant,Zuid,Nee,Nee,zz - n.v.t./onbekend,BINNENLANDS,5616,Eindhoven,,6030,NEDERLAND,772,Eindhoven,CR36,Zuidoost-Noord-Brabant,Noord-Brabant,Zuid,Nee,Nee,zz - n.v.t./onbekend,51.431530617236724,5.484284069614485
2168465,021146675,04860384512,2017-01-02 10:41:10.7620000,Hoofdvestiging,Ja,Ja,Ja,Nee,Nee,Nee,6831           ,19991230,,19970213,,"Het behartigen van de belangen van als deelne-
mers aan de stichting verbonden L.M.V.-
makelaars.",0,0,Stichting,"Lee, Bradley and Hall",,ST,Stichting,"Lee, Bradley and Hall","Lee, Bradley and Hall",,,"Lee, Bradley and Hall",Hoofd,,,,,,,,,,,,,,,,BINNENLANDS,5623,Eindhoven,,6030,NEDERLAND,772,Eindhoven,CR36,Zuidoost-Noord-Brabant,Noord-Brabant,Zuid,Nee,Nee,RAPENLAND,51.45897128523964,5.413982281487535
11931990,082088362,06453076127,2014-04-23 13:07:31.4200000,Hoofdvestiging,Nee,Ja,Ja,Ja,Nee,Nee,45112          ,20000215,20140416.0,20070917,20140416.0,"Groothandel en import van auto's; verhuur van auto's en boten; ondersteuning van een politieke partij; uitgeverij, beeldend kunstenaar, leasen van auto's, autouitlaatproductie, ontwikkelen van woonconcepten, geven van rijvaardigheidstrainingen, handel in onroerende zaken.",1,0,Stichting,Burgess Inc,,ST,Stichting,Carpenter-Nelson,Carpenter-Nelson,,,Burgess Inc,,,,,,,,,,,,,,,,,BINNENLANDS,5627,Eindhoven,,6030,NEDERLAND,772,Eindhoven,CR36,Zuidoost-Noord-Brabant,Noord-Brabant,Zuid,Nee,Nee,zz - n.v.t./onbekend,51.387186193844315,5.525533183759402
14295321,092279124,07223725892,2022-03-14 10:31:03.1490000,Hoofdvestiging,Nee,Ja,Ja,Nee,Nee,Nee,78203          ,19990623,20220303.0,20001010,20220303.0,De opzet en exploitatie van mini-ondernemingen,0,0,Stichting,Carr LLC,,ST,Stichting,Carr LLC,Carr LLC,,,Carr LLC,,,,,,,,,,,,,,,,,BINNENLANDS,5631,Eindhoven,,6030,NEDERLAND,772,Eindhoven,CR36,Zuidoost-Noord-Brabant,Noord-Brabant,Zuid,Nee,Nee,zz - n.v.t./onbekend,51.458389700237014,5.515216678393559
11534609,004783948,02501485356,2014-07-03 11:25:32.9830000,Hoofdvestiging,Nee,Ja,Ja,Nee,Nee,Nee,47742          ,20000705,20140627.0,20040429,20140627.0,"Detailhandel en groothandel van verpleeg- en
revalidatie artikelen",19,3,Stichting,Smith Inc,,ST,Stichting,Smith Inc,Smith Inc,,,Smith Inc,,BINNENLANDS,5653,Eindhoven,,6030,NEDERLAND,772.0,Eindhoven,CR36,Zuidoost-Noord-Brabant,Noord-Brabant,Zuid,Nee,Nee,zz - n.v.t./onbekend,BINNENLANDS,5653,Eindhoven,,6030,NEDERLAND,772,Eindhoven,CR36,Zuidoost-Noord-Brabant,Noord-Brabant,Zuid,Nee,Nee,zz - n.v.t./onbekend,51.48600790116661,5.414972612600974
6009400,018735614,03974034607,2022-06-16 11:52:16.8990000,Hoofdvestiging,Ja,Ja,Ja,Nee,Nee,Nee,6201           ,20030904,,20210101,,"Het ontwikkelen, beheren en exploiteren van een internationaal certificeringsprogramma met certificeringslabel voor duurzame biomassa.",0,0,Stichting,Knight-Curry,,ST,Stichting,Knight-Curry,Knight-Curry,,,Knight-Curry,Hoofd,,,,,,,,,,,,,,,,BINNENLANDS,3011,Rotterdam,,6030,NEDERLAND,599,Rotterdam,CR29,Groot-Rijnmond,Zuid-Holland,Zuidwest,Nee,Nee,zz - n.v.t./onbekend,51.92741528886266,4.494070952865308
695057,013625905,02680007957,2017-03-01 11:48:57.9240000,Hoofdvestiging,Nee,Ja,Ja,Nee,Nee,Nee,88999          ,20031219,20170101.0,20031219,20170101.0,"Het bieden van begeleide dagbesteding (werkervaringsplaatsten) op allerlei gebied, aan mensen met autisme of en andere arbeidshandicap, voor wie het vinden van een plaats in het reguliere arbeidsproces moeilijk of onmogelijk is ",5,0,Stichting,Heath-Mclaughlin,,ST,Stichting,Heath-Mclaughlin,Heath-Mclaughlin,,,Heath-Mclaughlin,,BINNENLANDS,5621,Eindhoven,,6030,NEDERLAND,772.0,Eindhoven,CR36,Zuidoost-Noord-Brabant,Noord-Brabant,Zuid,Nee,Nee,zz - n.v.t./onbekend,BINNENLANDS,5621,Eindhoven,,6030,NEDERLAND,772,Eindhoven,CR36,Zuidoost-Noord-Brabant,Noord-Brabant,Zuid,Nee,Nee,zz - n.v.t./onbekend,51.465750354756956,5.4473716960349
3646086,077962488,08653323404,2017-05-05 11:52:51.4010000,Hoofdvestiging,Ja,Ja,Ja,Nee,Nee,Nee,94997          ,20041215,,20040701,,"het ten behoeve van leden uitonderhandelen en
aangaan van leverantieovereenkomsten met derden
voor diensten en produkten die een vaste last
vormen, waaronder begrepen doch niet beperkt
leverantie van gas, elektriciteit, water, door
het afsluiten van overeenkomsten met de leden
in het bedrijf dat de cooperatie ten behoeve
van de leden uitoefent of doet uitoefenen",2,0,Vereniging,Davis-Spencer,,VER,Vereniging,Davis-Spencer,Davis-Spencer,,,Davis-Spencer,Hoofd,,,,,,,,,,,,,,,,BINNENLANDS,5617,Eindhoven,,6030,NEDERLAND,772,Eindhoven,CR36,Zuidoost-Noord-Brabant,Noord-Brabant,Zuid,Nee,Nee,zz - n.v.t./onbekend,51.45926670511804,5.486481217302579
12966541,021217714,06145081611,2013-11-18 11:48:50.6920000,Hoofdvestiging,Nee,Ja,Ja,Ja,Ja,Nee,74101          ,20030825,20131115.0,20000501,20131115.0,Innovatie-architectuur.,1,0,Stichting,Escobar PLC,,ST,Stichting,Nelson and Sons,Nelson and Sons,,,Escobar PLC,,,,,,,,,,,,,,,,,BINNENLANDS,5612,Eindhoven,,6030,NEDERLAND,772,Eindhoven,CR36,Zuidoost-Noord-Brabant,Noord-Brabant,Zuid,Nee,Nee,zz - n.v.t./onbekend,51.45835855880947,5.487611536467712
3477084,056631956,02594687010,2022-07-15 15:53:32.4170000,Hoofdvestiging,Ja,Ja,Ja,Nee,Nee,Nee,7220           ,20091016,,20050101,,"Het ontwikkelen en uitvoeren van projecten om
de situatie van allochtonen op het gebied van
welzijn, zorg, educatie en de arbeidsmarkt te
verbeteren; het doen van onderzoek, het geven
van advies en consulten op genoemde terreinen,
alsmede het organiseren van cursussen en
trainingen",0,3,Stichting,"Bailey, Miller and Robinson",,ST,Stichting,Martin-Williams,Martin-Williams,,,"Bailey, Miller and Robinson",Hoofd,,,,,,,,,,,,,,,,BINNENLANDS,5622,Eindhoven,,6030,NEDERLAND,772,Eindhoven,CR36,Zuidoost-Noord-Brabant,Noord-Brabant,Zuid,Nee,Nee,zz - n.v.t./onbekend,51.47889518790178,5.387280062405073
8233156,013653006,06148280796,2023-05-19 10:24:29.8710000,Hoofdvestiging,Ja,Ja,Ja,Nee,Nee,Nee,85599          ,20051028,,20180920,,Bekendheid geven aan mediation en het stimuleren van de toepassing daarvan. Het geven van workshops en intervisies op het gebied van en gerelateerd aan mediation. Organiseren van netwerkbijeenkomsten.,0,5,Vereniging,"Patel, Mcclain and Davis",,VER,Vereniging,"Patel, Mcclain and Davis","Patel, Mcclain and Davis",,,"Patel, Mcclain and Davis",Hoofd,,,,,,,,,,,,,,,,BINNENLANDS,5615,Eindhoven,,6030,NEDERLAND,772,Eindhoven,CR36,Zuidoost-Noord-Brabant,Noord-Brabant,Zuid,Nee,Nee,zz - n.v.t./onbekend,51.506400596001455,5.461632185139064
3058253,001196923,02030120845,2023-03-14 15:42:14.7150000,Hoofdvestiging,Ja,Ja,Ja,Nee,Nee,Nee,6110           ,20051028,,20051028,,Leveren van diensten op telecommunicatiegebied.,4,0,Stichting,"Kim, Howard and Cannon",,ST,Stichting,"Kim, Howard and Cannon","Kim, Howard and Cannon",,,"Kim, Howard and Cannon",Hoofd,,,,,,,,,,,,,,,,BINNENLANDS,5611,Eindhoven,,6030,NEDERLAND,772,Eindhoven,CR36,Zuidoost-Noord-Brabant,Noord-Brabant,Zuid,Nee,Nee,zz - n.v.t./onbekend,51.466621473816815,5.515570843428035
10919481,033422759,07692550641,2021-05-10 15:25:27.4090000,Hoofdvestiging,Nee,Ja,Ja,Nee,Nee,Nee,7810           ,20060410,20210503.0,20060101,20210503.0,Artiestenbureau,1,0,Stichting,"King, Collins and Flynn",,ST,Stichting,"King, Collins and Flynn","King, Collins and Flynn",,,"King, Collins and Flynn",,BINNENLANDS,5632,Eindhoven,,6030,NEDERLAND,772.0,Eindhoven,CR36,Zuidoost-Noord-Brabant,Noord-Brabant,Zuid,Nee,Nee,zz - n.v.t./onbekend,BINNENLANDS,5632,Eindhoven,,6030,NEDERLAND,772,Eindhoven,CR36,Zuidoost-Noord-Brabant,Noord-Brabant,Zuid,Nee,Nee,zz - n.v.t./onbekend,51.423523425945646,5.414052543006365
12395254,004900713,07366900113,2013-01-18 11:44:13.4990000,Hoofdvestiging,Nee,Ja,Ja,Nee,Nee,Nee,96021          ,20060628,20121201.0,20060628,20121201.0,"Exploiteren van een kapperszaak voor heren,
speciaal voor de Marokkaanse gemeenschap, doch
ook Europes-Aziatisch",0,0,Stichting,Gonzalez Inc,,ST,Stichting,Gonzalez Inc,Gonzalez Inc,,,Gonzalez Inc,,,,,,,,,,,,,,,,,BINNENLANDS,5627,Eindhoven,,6030,NEDERLAND,772,Eindhoven,CR36,Zuidoost-Noord-Brabant,Noord-Brabant,Zuid,Nee,Nee,zz - n.v.t./onbekend,51.42802995771412,5.395159121547625
11879124,010049979,00082123982,2011-03-22 11:26:06.2930000,Hoofdvestiging,Nee,Ja,Ja,Nee,Nee,Nee,85599          ,20070111,20110322.0,20070111,20110322.0,"het aanbieden van cursussen op het gebied van
onder andere talen, economie en handel;
ontwikkelen en uitgeven van cursusmateriaal;
uitgeven van literaire, audio- en audiovisuele
producties, waaronder cd's, digitale muziek,
dvd's, boeken en tijdschriften;
inkomsten ontvangen uit auteursrechten over de
verkoop van literaire, audio- en audiovisuele
producties, waaronder cd's, digitale muziek,
dvd's, boeken en tijdschriften;
het exploiteren en handhaven van de aan de
stichting toevertrouwde en overgedragen
literaire en audio- en audiovisuele rechten,
zowel nationaal als internationaal",0,1,Stichting,Anderson-Wu,,ST,Stichting,Anderson-Wu,Anderson-Wu,,,Anderson-Wu,,,,,,,,,,,,,,,,,BINNENLANDS,5612,Eindhoven,,6030,NEDERLAND,772,Eindhoven,CR36,Zuidoost-Noord-Brabant,Noord-Brabant,Zuid,Nee,Nee,zz - n.v.t./onbekend,51.490767129700835,5.426328787892879
2897352,032835958,07433102463,2016-03-18 09:34:12.2620000,Hoofdvestiging,Ja,Ja,Ja,Nee,Nee,Nee,8230           ,20070124,,20070124,,"Het organiseren van congressen, workshops en
seminars in de meest brede zin des woords ten
behoeve van de vereniging ""Nederlandse
Vereniging voor Endoscopische Chirurgie""",0,0,Stichting,Mann-Schmidt,,ST,Stichting,Mann-Schmidt,Mann-Schmidt,,,Mann-Schmidt,Hoofd,,,,,,,,,,,,,,,,BINNENLANDS,5657,Eindhoven,,6030,NEDERLAND,772,Eindhoven,CR36,Zuidoost-Noord-Brabant,Noord-Brabant,Zuid,Nee,Nee,EINDHOVEN AIRPORT (WELSCHAP A),51.47474592809918,5.387552841690622
420833,015202678,07495448213,2023-05-25 12:14:11.8720000,Hoofdvestiging,Ja,Ja,Ja,Nee,Nee,Nee,6420           ,20060913,,20060913,,Houdstermaatschappij,1,0,BeslotenVennootschap,"Fields, Banks and Williamson",,BV,Besloten Vennootschap,"Fields, Banks and Williamson","Fields, Banks and Williamson",,,"Fields, Banks and Williamson",Hoofd,BINNENLANDS,5623,Eindhoven,,6030,NEDERLAND,772.0,Eindhoven,CR36,Zuidoost-Noord-Brabant,Noord-Brabant,Zuid,Nee,Nee,zz - n.v.t./onbekend,BINNENLANDS,5623,Eindhoven,,6030,NEDERLAND,772,Eindhoven,CR36,Zuidoost-Noord-Brabant,Noord-Brabant,Zuid,Nee,Nee,zz - n.v.t./onbekend,51.404645109043614,5.430731033513597
5197969,020559095,06300579761,2015-09-14 14:25:43.5870000,Hoofdvestiging,Ja,Ja,Ja,Nee,Nee,Nee,70221          ,20070417,,20070417,,"Communicatie (audiovisueel, marketing, reclame,
advies), projectmanagement en IT-oplossingen
(producten en beheer) ten behoeve van bedrijven
organisaties en overheden, waarbij de focus
ligt op community building en het bevorderen
van sociale cohesie en onderlinge samenwerking",2,0,Stichting,Mcknight-Murphy,,ST,Stichting,Mcknight-Murphy,Mcknight-Murphy,,,Mcknight-Murphy,Hoofd,BINNENLANDS,5632,Eindhoven,,6030,NEDERLAND,772.0,Eindhoven,CR36,Zuidoost-Noord-Brabant,Noord-Brabant,Zuid,Nee,Nee,zz - n.v.t./onbekend,BINNENLANDS,5641,Eindhoven,,6030,NEDERLAND,772,Eindhoven,CR36,Zuidoost-Noord-Brabant,Noord-Brabant,Zuid,Nee,Nee,zz - n.v.t./onbekend,51.397016466767504,5.383407743466681
14147180,086393851,01502678345,2017-12-21 10:35:21.5240000,Hoofdvestiging,Nee,Ja,Ja,Nee,Nee,Nee,68204          ,20080307,20171201.0,20120101,20171201.0,Verhuur atelierruimten.,1,0,Stichting,Moore Group,,ST,Stichting,Moore Group,Moore Group,,,Moore Group,,BINNENLANDS,5622,Eindhoven,,6030,NEDERLAND,772.0,Eindhoven,CR36,Zuidoost-Noord-Brabant,Noord-Brabant,Zuid,Nee,Nee,zz - n.v.t./onbekend,BINNENLANDS,5622,Eindhoven,,6030,NEDERLAND,772,Eindhoven,CR36,Zuidoost-Noord-Brabant,Noord-Brabant,Zuid,Nee,Nee,zz - n.v.t./onbekend,51.495187957182836,5.489372674326078
2627576,047356373,00892880438,2022-06-16 14:21:34.0960000,Hoofdvestiging,Ja,Ja,Ja,Nee,Nee,Nee,47916          ,20080606,,20131213,,"Het verkopen van voetbal gerelateerde producten.  
",0,2,Stichting,Martin-Wilson,,ST,Stichting,"Mann, Cox and Morrow","Mann, Cox and Morrow",,,Martin-Wilson,Hoofd,BINNENLANDS,5628,Eindhoven,,6030,NEDERLAND,772.0,Eindhoven,CR36,Zuidoost-Noord-Brabant,Noord-Brabant,Zuid,Nee,Nee,zz - n.v.t./onbekend,BINNENLANDS,5628,Eindhoven,,6030,NEDERLAND,772,Eindhoven,CR36,Zuidoost-Noord-Brabant,Noord-Brabant,Zuid,Nee,Nee,zz - n.v.t./onbekend,51.40293008262098,5.4302319153170355
8218595,046778681,08411069207,2022-03-21 10:08:46.1540000,Hoofdvestiging,Ja,Ja,Ja,Nee,Nee,Nee,91022          ,20080627,,20190409,,"Presentatie platform voor fotografie, maken van fotografische tentoonstellingen waarmee makers in contact kunnen komen met publiek. Ontwikkelen van educatieve programma's voor professionele fotografen, algemeen publiek en middelbare scholen.",1,2,Stichting,"Mccoy, Martinez and Mack",,ST,Stichting,Smith-Wiley,Smith-Wiley,,,"Mccoy, Martinez and Mack",Hoofd,,,,,,,,,,,,,,,,BINNENLANDS,5611,Eindhoven,,6030,NEDERLAND,772,Eindhoven,CR36,Zuidoost-Noord-Brabant,Noord-Brabant,Zuid,Nee,Nee,zz - n.v.t./onbekend,51.40274174715426,5.434580604676258
3016408,099732835,08414787726,2022-06-23 10:19:43.9540000,Hoofdvestiging,Ja,Ja,Ja,Nee,Nee,Nee,86929          ,20081028,,20081028,,"Uitoefening praktijk voor medisch
specialistische zorg op het gebied van
oogheelkunde",0,0,Stichting,Green-Coleman,,ST,Stichting,Green-Coleman,Green-Coleman,,,Green-Coleman,Hoofd,BINNENLANDS,5613,Eindhoven,,6030,NEDERLAND,772.0,Eindhoven,CR36,Zuidoost-Noord-Brabant,Noord-Brabant,Zuid,Nee,Nee,zz - n.v.t./onbekend,BINNENLANDS,5613,Eindhoven,,6030,NEDERLAND,772,Eindhoven,CR36,Zuidoost-Noord-Brabant,Noord-Brabant,Zuid,Nee,Nee,zz - n.v.t./onbekend,51.49603323593425,5.516641472045372
3677125,034769058,09496475618,2023-01-03 13:05:09.1860000,Hoofdvestiging,Ja,Ja,Ja,Nee,Ja,Nee,90011          ,20090120,,20130106,,Creatie van choreografieën,0,0,Stichting,"Hawkins, Harvey and Lee",,ST,Stichting,"Hawkins, Harvey and Lee","Hawkins, Harvey and Lee",,,"Hawkins, Harvey and Lee",Hoofd,BINNENLANDS,1056,Amsterdam,,6030,NEDERLAND,363.0,Amsterdam,CR23,Groot-Amsterdam,Noord-Holland,Noordwest,Nee,Nee,zz - n.v.t./onbekend,BINNENLANDS,1056,Amsterdam,,6030,NEDERLAND,363,Amsterdam,CR23,Groot-Amsterdam,Noord-Holland,Noordwest,Nee,Nee,zz - n.v.t./onbekend,52.40313823648221,5.001963255482367
10855058,074749073,09748538405,2019-11-13 09:26:50.5270000,Nevenvestiging,Nee,Ja,Ja,Nee,Nee,Nee,56102          ,20090716,20191108.0,20110501,20131221.0,Lunchroom,2,0,Stichting,"Jimenez, Ross and Cooper",,ST,Stichting,Fuentes Group,"Jimenez, Ross and Cooper",,,"Jimenez, Ross and Cooper",,BINNENLANDS,5616,Eindhoven,,6030,NEDERLAND,772.0,Eindhoven,CR36,Zuidoost-Noord-Brabant,Noord-Brabant,Zuid,Nee,Nee,zz - n.v.t./onbekend,BINNENLANDS,5621,Eindhoven,,6030,NEDERLAND,772,Eindhoven,CR36,Zuidoost-Noord-Brabant,Noord-Brabant,Zuid,Nee,Nee,zz - n.v.t./onbekend,51.45946274886782,5.498769981662144
4294543,034812992,08928422325,2023-02-15 11:32:00.1800000,Nevenvestiging,Ja,Ja,Ja,Nee,Nee,Nee,86922          ,20000101,,20090817,,"Productie/essemblage en re-integratieactivi-
teiten",110,3,PubliekrechtelijkeRechtspersoon,"Wilson, Moore and Potter",,PR,Publiekrechtelijke Rechtspersoon,"Stone, Hall and Phillips","Stone, Hall and Phillips",,,"Wilson, Moore and Potter",Neven,BINNENLANDS,5652,Eindhoven,,6030,NEDERLAND,772.0,Eindhoven,CR36,Zuidoost-Noord-Brabant,Noord-Brabant,Zuid,Nee,Nee,DE HURK,BINNENLANDS,5652,Eindhoven,,6030,NEDERLAND,772,Eindhoven,CR36,Zuidoost-Noord-Brabant,Noord-Brabant,Zuid,Nee,Nee,DE HURK,51.44150386352815,5.463109570477377
4464235,009499834,01620458995,2023-02-14 15:10:51.9980000,Hoofdvestiging,Ja,Ja,Ja,Nee,Nee,Nee,68203          ,20091113,,20091113,,Het verhuren en beheren van woningen.,3,1,Stichting,"Crawford, Brown and Jordan",,ST,Stichting,"Gibson, Merritt and Forbes","Gibson, Merritt and Forbes",,,"Crawford, Brown and Jordan",Hoofd,,,,,,,,,,,,,,,,BINNENLANDS,5658,Eindhoven,,6030,NEDERLAND,772,Eindhoven,CR36,Zuidoost-Noord-Brabant,Noord-Brabant,Zuid,Nee,Nee,zz - n.v.t./onbekend,51.504963096536926,5.4973873590586475
959664,087444287,05728033725,2016-12-30 10:26:51.7820000,Hoofdvestiging,Nee,Ja,Ja,Nee,Nee,Nee,8710           ,20100507,20161111.0,20100507,20161111.0,"Het leveren van gespecialiseerde verpleging en
ziekenhuisverplaatste zorg en het leveren van
medisch specialistische zorg en paramedisch
zorg",0,0,Stichting,Murphy Group,,ST,Stichting,Murphy Group,Murphy Group,,,Murphy Group,,,,,,,,,,,,,,,,,BINNENLANDS,5652,Eindhoven,,6030,NEDERLAND,772,Eindhoven,CR36,Zuidoost-Noord-Brabant,Noord-Brabant,Zuid,Nee,Nee,DE HURK,51.46231196405132,5.510312415913366
10117676,096799989,07841692210,2014-02-04 15:54:15.7770000,Hoofdvestiging,Nee,Ja,Ja,Nee,Nee,Nee,6201           ,20100325,20140204.0,20100329,20120326.0,Het bevorderen van elektronische informatie-uitwisseling en administratie voeren voor andere ondernemingen. ,1,0,Stichting,Cook-Owen,,ST,Stichting,"Gregory, Brewer and Cannon","Gregory, Brewer and Cannon",,,Cook-Owen,,,,,,,,,,,,,,,,,BINNENLANDS,3044,Rotterdam,,6030,NEDERLAND,599,Rotterdam,CR29,Groot-Rijnmond,Zuid-Holland,Zuidwest,Nee,Nee,Spaanse Polder,51.9782610816709,4.38195414381201
12046308,024072577,06438386641,2021-05-21 09:20:12.5490000,Hoofdvestiging,Nee,Ja,Ja,Nee,Nee,Nee,8010           ,19990813,20210503.0,19990813,20210101.0,"Detachering en opleiden van personeel in de
beveiligingsbranche. Ter beschikking stellen van
arbeidskrachten.",30,0,Stichting,"Lutz, Pace and Jones",,ST,Stichting,Faulkner-Stephens,Faulkner-Stephens,,,"Lutz, Pace and Jones",,BINNENLANDS,5631,Eindhoven,,6030,NEDERLAND,772.0,Eindhoven,CR36,Zuidoost-Noord-Brabant,Noord-Brabant,Zuid,Nee,Nee,zz - n.v.t./onbekend,BINNENLANDS,5631,Eindhoven,,6030,NEDERLAND,772,Eindhoven,CR36,Zuidoost-Noord-Brabant,Noord-Brabant,Zuid,Nee,Nee,zz - n.v.t./onbekend,51.404233175364055,5.414301266392118
6406416,028225364,07378902218,2022-04-15 13:28:01.3210000,Hoofdvestiging,Ja,Ja,Ja,Nee,Nee,Nee,90011          ,20030306,,20160905,,Het organiseren en produceren van dansvoorstellingen op basis- en middelbare scholen tegen betalingen.,0,0,Stichting,Garcia-Atkinson,,ST,Stichting,Garcia-Atkinson,Garcia-Atkinson,,,Garcia-Atkinson,Hoofd,,,,,,,,,,,,,,,,BINNENLANDS,1019,Amsterdam,,6030,NEDERLAND,363,Amsterdam,CR23,Groot-Amsterdam,Noord-Holland,Noordwest,Nee,Nee,zz - n.v.t./onbekend,52.30283250036471,4.988073070073163
7048294,040678032,03822221151,2023-04-17 11:31:11.0580000,Hoofdvestiging,Ja,Ja,Ja,Nee,Nee,Nee,94993          ,19910910,,19910910,,"Het verrichten, doen verrichten of ondersteunen
van kansrijk onderzoek en ontwikkeling op het
gebied van de informatica, micro electronica,
de bio-, materiaal en milieutechnologieen.",0,0,Stichting,"Prince, Jones and Lester",,ST,Stichting,"Prince, Jones and Lester","Prince, Jones and Lester",,,"Prince, Jones and Lester",Hoofd,,,,,,,,,,,,,,,,BINNENLANDS,1082,Amsterdam,,6030,NEDERLAND,363,Amsterdam,CR23,Groot-Amsterdam,Noord-Holland,Noordwest,Nee,Nee,zz - n.v.t./onbekend,52.29885228775058,4.959378370365426
10852866,031315686,04118775350,2014-07-25 12:48:24.6780000,Hoofdvestiging,Nee,Ja,Ja,Nee,Nee,Nee,7740           ,20000719,20171121.0,20000719,20130812.0,"Het houden van toezicht op de exploitatie van
teakhout alsmede de verkoop van rechten op
(de vruchten van) teakhout en teakbomen.",0,0,Stichting,"Scott, Escobar and Arnold",,ST,Stichting,"Scott, Escobar and Arnold","Scott, Escobar and Arnold",,,"Scott, Escobar and Arnold",,,,,,,,,,,,,,,,,BINNENLANDS,1018,Amsterdam,,6030,NEDERLAND,363,Amsterdam,CR23,Groot-Amsterdam,Noord-Holland,Noordwest,Nee,Nee,zz - n.v.t./onbekend,52.38756332442637,4.967256698146458
3657003,015808739,09927789931,2014-09-23 10:42:22.9820000,Hoofdvestiging,Ja,Ja,Ja,Nee,Nee,Nee,4120           ,19980713,,19980713,,"Onderhoudswerkzaamheden in de metaalsector aan
machines e.d.; het uitlenen van personeel in de bouw- en in de metaalsector",15,0,NatuurlijkPersoon,,,EMZ,Eenmanszaak,"Thomas, Carpenter and Wilson","Thomas, Carpenter and Wilson",,Brittney Friedman,Moore Inc,Hoofd,BINNENLANDS,4731,Oudenbosch,,6030,NEDERLAND,1655.0,Halderberge,CR33,West-Noord-Brabant,Noord-Brabant,Zuid,Nee,Nee,zz - n.v.t./onbekend,BINNENLANDS,1053,Amsterdam,,6030,NEDERLAND,363,Amsterdam,CR23,Groot-Amsterdam,Noord-Holland,Noordwest,Nee,Nee,zz - n.v.t./onbekend,52.36506646900761,4.859014666784595
5656012,024664167,02448483024,2016-02-09 12:49:24.5960000,Hoofdvestiging,Ja,Ja,Ja,Nee,Nee,Nee,86221          ,20080520,,20080520,,"Uitoefening van de praktijk voor
anesthesiologische pijnbestrijding.",0,0,Stichting,Martinez-Watson,,ST,Stichting,Martinez-Watson,Martinez-Watson,,,Martinez-Watson,Hoofd,,,,,,,,,,,,,,,,BINNENLANDS,1058,Amsterdam,,6030,NEDERLAND,363,Amsterdam,CR23,Groot-Amsterdam,Noord-Holland,Noordwest,Nee,Nee,zz - n.v.t./onbekend,52.42558134281956,4.7700047742101015
11795142,022944751,01955875561,2021-12-06 08:08:19.7620000,Hoofdvestiging,Nee,Ja,Ja,Nee,Nee,Nee,56102          ,20100312,20211101.0,20100312,20111101.0,"De exploitatie van een broodjeszaak en het
bezorgen van diverse maaltijden.",0,0,Stichting,Powell-Murillo,,ST,Stichting,Chang-Jackson,Chang-Jackson,,,Powell-Murillo,,,,,,,,,,,,,,,,,BINNENLANDS,3061,Rotterdam,,6030,NEDERLAND,599,Rotterdam,CR29,Groot-Rijnmond,Zuid-Holland,Zuidwest,Nee,Nee,zz - n.v.t./onbekend,51.89687139022844,4.47697972026627
2628829,096238941,03273683565,2023-04-26 09:05:55.8560000,Hoofdvestiging,Ja,Ja,Ja,Nee,Nee,Nee,6420           ,19801222,,19801222,,Het beheren van een onderneming,0,0,Stichting,"Smith, Coleman and Wilson",,ST,Stichting,"Smith, Coleman and Wilson","Smith, Coleman and Wilson",,,"Smith, Coleman and Wilson",Hoofd,,,,,,,,,,,,,,,,BINNENLANDS,1077,Amsterdam,,6030,NEDERLAND,363,Amsterdam,CR23,Groot-Amsterdam,Noord-Holland,Noordwest,Nee,Nee,zz - n.v.t./onbekend,52.320023339851815,4.808924391892056
3892424,009129977,07469464011,2013-03-25 14:53:21.7650000,Hoofdvestiging,Ja,Ja,Ja,Nee,Nee,Nee,6420           ,19971211,,20090416,,"Het oprichten en verwerven van, het deelnemen in, het samenwerken met, het besturen van, alsmede het (doen) financieren van andere ondernemingen, in welke rechtsvorm ook",0,0,BeslotenVennootschap,Charles-Lawrence,,BV,Besloten Vennootschap,Charles-Lawrence,Charles-Lawrence,,,Charles-Lawrence,Hoofd,BINNENLANDS,3063,Rotterdam,,6030,NEDERLAND,599.0,Rotterdam,CR29,Groot-Rijnmond,Zuid-Holland,Zuidwest,Nee,Nee,zz - n.v.t./onbekend,BINNENLANDS,3063,Rotterdam,,6030,NEDERLAND,599,Rotterdam,CR29,Groot-Rijnmond,Zuid-Holland,Zuidwest,Nee,Nee,zz - n.v.t./onbekend,51.886747069076996,4.521512332502401
10545087,097244302,07556476176,2017-08-22 09:52:00.6940000,Hoofdvestiging,Nee,Ja,Ja,Nee,Nee,Nee,68201          ,19310410,20170812.0,19310410,20170812.0,Exploitatie van onroerende goederen.,0,0,Stichting,"Hernandez, Coleman and Martinez",,ST,Stichting,"Hernandez, Coleman and Martinez","Hernandez, Coleman and Martinez",,,"Hernandez, Coleman and Martinez",,BINNENLANDS,3056,Rotterdam,,6030,NEDERLAND,599.0,Rotterdam,CR29,Groot-Rijnmond,Zuid-Holland,Zuidwest,Nee,Nee,zz - n.v.t./onbekend,BINNENLANDS,3056,Rotterdam,,6030,NEDERLAND,599,Rotterdam,CR29,Groot-Rijnmond,Zuid-Holland,Zuidwest,Nee,Nee,zz - n.v.t./onbekend,51.940333657664006,4.554434785277875
3398850,008226083,02170987345,2018-01-25 07:30:32.7220000,Nevenvestiging,Ja,Ja,Ja,Ja,Ja,Nee,4651           ,19661229,,19950926,,"De groot- en kleinhandel (verkoop op
bestelling) in hard- en software",0,0,Vereniging,Wilson-Valdez,,VER,Vereniging,Calderon-Smith,Calderon-Smith,,,Wilson-Valdez,Hoofd,BINNENLANDS,3036,Rotterdam,,6030,NEDERLAND,599.0,Rotterdam,CR29,Groot-Rijnmond,Zuid-Holland,Zuidwest,Nee,Nee,zz - n.v.t./onbekend,BINNENLANDS,3036,Rotterdam,,6030,NEDERLAND,599,Rotterdam,CR29,Groot-Rijnmond,Zuid-Holland,Zuidwest,Nee,Nee,zz - n.v.t./onbekend,51.93770117659315,4.605996668801226
14238454,026263855,03532583645,2020-08-17 14:39:09.6560000,Hoofdvestiging,Nee,Ja,Ja,Nee,Nee,Nee,68201          ,19200803,20190801.0,19200803,20200501.0,"Verhuren en beheren van woningen cq woon-
complexen.",1,0,Stichting,Pena-Wells,,ST,Stichting,Pena-Wells,Pena-Wells,,,Pena-Wells,,BINNENLANDS,3026,Rotterdam,,6030,NEDERLAND,599.0,Rotterdam,CR29,Groot-Rijnmond,Zuid-Holland,Zuidwest,Nee,Nee,zz - n.v.t./onbekend,BINNENLANDS,3026,Rotterdam,,6030,NEDERLAND,599,Rotterdam,CR29,Groot-Rijnmond,Zuid-Holland,Zuidwest,Nee,Nee,zz - n.v.t./onbekend,51.8747568071063,4.579710308557646
13317404,047938066,05434132049,2012-11-21 17:24:14.3140000,Hoofdvestiging,Nee,Ja,Ja,Nee,Nee,Nee,66191          ,19730427,20121029.0,19730427,20121029.0,"Optreden als trustee en het verzorgen van
administraties van effecten.",0,0,Stichting,Fletcher PLC,,ST,Stichting,Fletcher PLC,Fletcher PLC,,,Fletcher PLC,,BINNENLANDS,3014,Rotterdam,,6030,NEDERLAND,599.0,Rotterdam,CR29,Groot-Rijnmond,Zuid-Holland,Zuidwest,Nee,Nee,zz - n.v.t./onbekend,BINNENLANDS,3014,Rotterdam,,6030,NEDERLAND,599,Rotterdam,CR29,Groot-Rijnmond,Zuid-Holland,Zuidwest,Nee,Nee,zz - n.v.t./onbekend,51.95128147405284,4.489716289747532
12800035,098884855,04489500188,2016-08-15 07:10:13.5700000,Hoofdvestiging,Nee,Ja,Ja,Nee,Nee,Nee,18121          ,19810202,20160814.0,19810202,20141030.0,Drukkerij/ontwerpatelier,5,0,Stichting,"Davis, Gonzalez and Riley",,ST,Stichting,Christian-Joyce,Christian-Joyce,,,"Davis, Gonzalez and Riley",,,,,,,,,,,,,,,,,BINNENLANDS,3071,Rotterdam,,6030,NEDERLAND,599,Rotterdam,CR29,Groot-Rijnmond,Zuid-Holland,Zuidwest,Nee,Nee,zz - n.v.t./onbekend,51.95974224246466,4.532155789667192
5500355,065660327,02169912449,2021-03-25 15:41:59.3490000,Hoofdvestiging,Ja,Ja,Ja,Nee,Nee,Nee,91022          ,19720330,,19771209,,"Winkel (galerie) in kunstwerken.
Het verzorgen van theatervoorstellingen wordt
gedreven onder de handelsnaam Theater-Galerie
Kralingen.",2,0,Stichting,Smith LLC,,ST,Stichting,Joseph-Shaffer,Joseph-Shaffer,,,Smith LLC,Hoofd,,,,,,,,,,,,,,,,BINNENLANDS,3063,Rotterdam,,6030,NEDERLAND,599,Rotterdam,CR29,Groot-Rijnmond,Zuid-Holland,Zuidwest,Nee,Nee,zz - n.v.t./onbekend,51.85118494420765,4.4631028244209645
1213763,078121019,03789117589,2022-11-17 09:37:04.8440000,Hoofdvestiging,Ja,Ja,Ja,Nee,Nee,Nee,6420           ,19840105,,19840105,,"Het deelnemen in, het voeren van beheer over
andere ondernemingen en vennootschappen.
Het geven van voorlichting en het dienstbaar
maken van onderzoeken, adviezen en ontwerpen",0,0,Stichting,Wilson-Miller,,ST,Stichting,Wilson-Miller,Wilson-Miller,,,Wilson-Miller,Hoofd,,,,,,,,,,,,,,,,BINNENLANDS,3013,Rotterdam,,6030,NEDERLAND,599,Rotterdam,CR29,Groot-Rijnmond,Zuid-Holland,Zuidwest,Nee,Nee,zz - n.v.t./onbekend,51.854853294528596,4.6071639906450095
4402341,018096258,01099218616,2019-03-25 10:47:30.9470000,Hoofdvestiging,Ja,Ja,Ja,Nee,Nee,Nee,85592          ,19850111,,19850111,,"Bevorderen van computeronderwijs aan
volwassenen.",0,0,Stichting,Chaney Inc,,ST,Stichting,Chaney Inc,Chaney Inc,,,Chaney Inc,Hoofd,BINNENLANDS,2993,Barendrecht,,6030,NEDERLAND,489.0,Barendrecht,CR29,Groot-Rijnmond,Zuid-Holland,Zuidwest,Nee,Nee,zz - n.v.t./onbekend,BINNENLANDS,3079,Rotterdam,,6030,NEDERLAND,599,Rotterdam,CR29,Groot-Rijnmond,Zuid-Holland,Zuidwest,Nee,Nee,zz - n.v.t./onbekend,51.95430678375327,4.466240964282807
5663132,019369650,09801506278,2010-05-25 23:59:59.9990000,Hoofdvestiging,Ja,Ja,Ja,Nee,Nee,Nee,59111          ,19890104,,19890104,,Het produceren van films.,3,0,Stichting,"Henderson, Harrison and Torres",,ST,Stichting,"Henderson, Harrison and Torres","Henderson, Harrison and Torres",,,"Henderson, Harrison and Torres",Hoofd,BINNENLANDS,3014,Rotterdam,,6030,NEDERLAND,599.0,Rotterdam,CR29,Groot-Rijnmond,Zuid-Holland,Zuidwest,Nee,Nee,zz - n.v.t./onbekend,BINNENLANDS,3014,Rotterdam,,6030,NEDERLAND,599,Rotterdam,CR29,Groot-Rijnmond,Zuid-Holland,Zuidwest,Nee,Nee,zz - n.v.t./onbekend,51.97520947092664,4.394076687641953
12727901,088580165,08453353014,2011-02-15 09:59:27.2370000,Hoofdvestiging,Nee,Ja,Ja,Nee,Nee,Nee,8230           ,19870427,20110210.0,19870501,20101008.0,"Advisering bij de organisatie van tentoonstel-
lingen en andere presentaties",0,0,Stichting,Lee and Sons,,ST,Stichting,"Frye, Turner and Medina","Frye, Turner and Medina",,,Lee and Sons,,BINNENLANDS,3032,Rotterdam,,6030,NEDERLAND,599.0,Rotterdam,CR29,Groot-Rijnmond,Zuid-Holland,Zuidwest,Nee,Nee,zz - n.v.t./onbekend,BINNENLANDS,3032,Rotterdam,,6030,NEDERLAND,599,Rotterdam,CR29,Groot-Rijnmond,Zuid-Holland,Zuidwest,Nee,Nee,zz - n.v.t./onbekend,51.86147590819167,4.586782353089303
4344110,075103174,05722354018,2020-11-16 10:04:46.4100000,Hoofdvestiging,Ja,Ja,Ja,Nee,Nee,Nee,4761           ,19730411,,19730411,,Evangelische boekwinkel.,0,10,Stichting,Wilson-Gardner,,ST,Stichting,Wilson-Gardner,Wilson-Gardner,,,Wilson-Gardner,Hoofd,BINNENLANDS,3291,Strijen,,6030,NEDERLAND,1963.0,Hoeksche Waard,CR29,Groot-Rijnmond,Zuid-Holland,Zuidwest,Nee,Nee,zz - n.v.t./onbekend,BINNENLANDS,3081,Rotterdam,,6030,NEDERLAND,599,Rotterdam,CR29,Groot-Rijnmond,Zuid-Holland,Zuidwest,Nee,Nee,zz - n.v.t./onbekend,51.855759195320715,4.396936991774583
9542146,048767525,00570691252,2018-10-15 08:06:56.8130000,Hoofdvestiging,Nee,Ja,Ja,Nee,Nee,Nee,64301          ,20021129,20181015.0,20021129,20181015.0,Het beheren van eigen vermogen,0,0,BeslotenVennootschap,"Lopez, Garcia and Cruz",,BV,Besloten Vennootschap,"Lopez, Garcia and Cruz","Lopez, Garcia and Cruz",,,"Lopez, Garcia and Cruz",,,,,,,,,,,,,,,,,BINNENLANDS,3077,Rotterdam,,6030,NEDERLAND,599,Rotterdam,CR29,Groot-Rijnmond,Zuid-Holland,Zuidwest,Nee,Nee,zz - n.v.t./onbekend,51.97474385482191,4.594845509522983
4083584,090742602,04723060781,2023-03-06 10:19:02.5610000,Hoofdvestiging,Ja,Ja,Ja,Nee,Nee,Nee,7721           ,19881018,,19881018,,"Exploitatie van een logger, zeilles geven met
een idealistisch doel",0,1,Stichting,Hayes LLC,,ST,Stichting,Hayes LLC,Hayes LLC,,,Hayes LLC,Hoofd,BINNENLANDS,3024,Rotterdam,,6030,NEDERLAND,599.0,Rotterdam,CR29,Groot-Rijnmond,Zuid-Holland,Zuidwest,Nee,Nee,zz - n.v.t./onbekend,BINNENLANDS,3024,Rotterdam,,6030,NEDERLAND,599,Rotterdam,CR29,Groot-Rijnmond,Zuid-Holland,Zuidwest,Nee,Nee,zz - n.v.t./onbekend,51.86666139019985,4.588066501809073
5720161,084271773,06270739152,2021-12-14 13:28:19.8030000,Hoofdvestiging,Ja,Ja,Ja,Nee,Nee,Nee,68201          ,19910731,,19910731,,"Het (doen) ontwikkelen, het beheren, exploite-
ren van gebouwen in de sfeer van het welzijns-
werk en in het verlengde daarvan",0,0,Stichting,"Hayes, James and Jackson",,ST,Stichting,"Hayes, James and Jackson","Hayes, James and Jackson",,,"Hayes, James and Jackson",Hoofd,BINNENLANDS,3015,Rotterdam,,6030,NEDERLAND,599.0,Rotterdam,CR29,Groot-Rijnmond,Zuid-Holland,Zuidwest,Nee,Nee,zz - n.v.t./onbekend,BINNENLANDS,3052,Rotterdam,,6030,NEDERLAND,599,Rotterdam,CR29,Groot-Rijnmond,Zuid-Holland,Zuidwest,Nee,Nee,zz - n.v.t./onbekend,51.92189336700973,4.511357547765645
6780733,021041790,04367645926,2010-05-25 23:59:59.9990000,Nevenvestiging,Ja,Ja,Ja,Ja,Ja,Nee,3230           ,19900724,,19980901,,"Het ontwikkelen, fabriceren en de groothandel
(daaronder begrepen de im- en export) in
fitnessapparatuur",7,0,Stichting,Chen Inc,,ST,Stichting,Sanchez-Garcia,Jensen-Villa,,,Chen Inc,Hoofd,BINNENLANDS,3044,Rotterdam,,6030,NEDERLAND,599.0,Rotterdam,CR29,Groot-Rijnmond,Zuid-Holland,Zuidwest,Nee,Nee,Spaanse Polder,BINNENLANDS,3044,Rotterdam,,6030,NEDERLAND,599,Rotterdam,CR29,Groot-Rijnmond,Zuid-Holland,Zuidwest,Nee,Nee,Spaanse Polder,51.908413823931404,4.484024390845899
12264668,060436514,03936693679,2011-08-02 12:06:58.9410000,Hoofdvestiging,Nee,Ja,Ja,Nee,Nee,Nee,85592          ,19900607,20110801.0,19900607,20110801.0,"Training en innovatie
uitgeverij
bedrijfsanalyse en advisering",3,0,Stichting,"Clark, House and Tucker",,ST,Stichting,"Clark, House and Tucker","Clark, House and Tucker",,,"Clark, House and Tucker",,,,,,,,,,,,,,,,,BINNENLANDS,3068,Rotterdam,,6030,NEDERLAND,599,Rotterdam,CR29,Groot-Rijnmond,Zuid-Holland,Zuidwest,Nee,Nee,zz - n.v.t./onbekend,51.88654461814419,4.389035522126859
5432952,071511158,04150646753,2022-02-09 08:46:21.8130000,Hoofdvestiging,Ja,Ja,Ja,Nee,Nee,Nee,5811           ,19931216,,19940101,,"Het voeren van een uitgeverij en het verkopen
van boeken op het vakgebied van architectuur,
stedebouw, landschaps- en interieurarchitectuur
en kunst",10,0,Stichting,"Coleman, Valencia and Parsons",,ST,Stichting,"Dixon, Bailey and Roth","Dixon, Bailey and Roth",,,"Coleman, Valencia and Parsons",Hoofd,,,,,,,,,,,,,,,,BINNENLANDS,3012,Rotterdam,,6030,NEDERLAND,599,Rotterdam,CR29,Groot-Rijnmond,Zuid-Holland,Zuidwest,Nee,Nee,zz - n.v.t./onbekend,51.938853647510754,4.461975842555262
14284749,053291046,08903516454,2016-02-25 09:54:41.6220000,Hoofdvestiging,Nee,Ja,Ja,Nee,Nee,Nee,4120           ,19881228,20160108.0,19881228,20160108.0,Klussenbedrijf voor ouderen,0,0,Stichting,"Fuller, Mercer and Collins",,ST,Stichting,"Fuller, Mercer and Collins","Fuller, Mercer and Collins",,,"Fuller, Mercer and Collins",,BINNENLANDS,3075,Rotterdam,,6030,NEDERLAND,599.0,Rotterdam,CR29,Groot-Rijnmond,Zuid-Holland,Zuidwest,Nee,Nee,zz - n.v.t./onbekend,BINNENLANDS,3078,Rotterdam,,6030,NEDERLAND,599,Rotterdam,CR29,Groot-Rijnmond,Zuid-Holland,Zuidwest,Nee,Nee,zz - n.v.t./onbekend,51.88400331589211,4.401422544730502
3933644,079146558,00130125509,2020-09-07 09:55:23.5210000,Hoofdvestiging,Ja,Ja,Ja,Nee,Nee,Nee,6420           ,19940823,,19940823,,Beheersmaatschappij,0,0,Stichting,"Thomas, Burke and Harrison",,ST,Stichting,"Thomas, Burke and Harrison","Thomas, Burke and Harrison",,,"Thomas, Burke and Harrison",Hoofd,BINNENLANDS,7217,Harfsen,,6030,NEDERLAND,262.0,Lochem,CR14,Achterhoek,Gelderland,Oost,Nee,Nee,zz - n.v.t./onbekend,BINNENLANDS,3061,Rotterdam,,6030,NEDERLAND,599,Rotterdam,CR29,Groot-Rijnmond,Zuid-Holland,Zuidwest,Nee,Nee,zz - n.v.t./onbekend,51.86297004905104,4.386208631252778
12474912,041371174,02575897304,2018-08-29 08:18:29.1520000,Hoofdvestiging,Nee,Ja,Ja,Ja,Ja,Nee,4791           ,19960808,20121218.0,19960808,20110906.0,"De handel waaronder begrepen doch niet beperkt tot de import, export en postorderverkoop - in elektronische beveiligings-, bewakings-, registratie- en opsporingsapparatuur. Groothandel in Smartphones en Tablet-pc's.",10,0,BeslotenVennootschap,Wilcox PLC,,BV,Besloten Vennootschap,Wilcox PLC,Wilcox PLC,,,Wilcox PLC,,,,,,,,,,,,,,,,,BINNENLANDS,1103,Amsterdam,,6030,NEDERLAND,363,Amsterdam,CR23,Groot-Amsterdam,Noord-Holland,Noordwest,Nee,Nee,zz - n.v.t./onbekend,52.39801962880403,4.9915565029662625
11013825,004303728,06550063986,2018-08-01 07:41:21.2610000,Hoofdvestiging,Nee,Ja,Ja,Nee,Nee,Nee,47192          ,19960202,20180801.0,19970202,20171014.0,"Winkelverkoop van produkten uit ontwikkelings-
landen en het geven van informatie over deze
landen",0,0,Stichting,Young and Sons,,ST,Stichting,Young and Sons,Young and Sons,,,Young and Sons,,,,,,,,,,,,,,,,,BINNENLANDS,3075,Rotterdam,,6030,NEDERLAND,599,Rotterdam,CR29,Groot-Rijnmond,Zuid-Holland,Zuidwest,Nee,Nee,zz - n.v.t./onbekend,51.963833705784054,4.541458407214854
8104675,081799494,07074354206,2020-08-21 13:46:22.6850000,Hoofdvestiging,Ja,Ja,Ja,Nee,Nee,Nee,9002           ,19971224,,20150625,,Dienstverlening voor kunstbeoefening en organisatie van culturele evenementen.,0,3,Stichting,Adams and Sons,,ST,Stichting,Adams and Sons,Adams and Sons,,,Adams and Sons,Hoofd,BINNENLANDS,3027,Rotterdam,,6030,NEDERLAND,599.0,Rotterdam,CR29,Groot-Rijnmond,Zuid-Holland,Zuidwest,Nee,Nee,zz - n.v.t./onbekend,BINNENLANDS,3027,Rotterdam,,6030,NEDERLAND,599,Rotterdam,CR29,Groot-Rijnmond,Zuid-Holland,Zuidwest,Nee,Nee,zz - n.v.t./onbekend,51.959308951251536,4.412525133228885
943812,046264026,00689373818,2022-10-17 10:23:55.4110000,Hoofdvestiging,Ja,Ja,Ja,Nee,Nee,Nee,69209          ,19980203,,20120101,,Het aanbieden van een verloningsservice voor artiesten en overige opdrachtnemers in de culturele sector. Het ter beschikking stellen van arbeidskrachten.,7,0,Stichting,Chavez-Ray,,ST,Stichting,Chavez-Ray,Chavez-Ray,,,Chavez-Ray,Hoofd,,,,,,,,,,,,,,,,BINNENLANDS,3071,Rotterdam,,6030,NEDERLAND,599,Rotterdam,CR29,Groot-Rijnmond,Zuid-Holland,Zuidwest,Nee,Nee,zz - n.v.t./onbekend,51.92609404372748,4.408727578484087
5024472,013981855,01202730000,2022-10-10 14:24:04.2170000,Hoofdvestiging,Ja,Ja,Ja,Nee,Nee,Nee,70221          ,20080519,,19970113,,"Het drijven van een adviesbureau in kwaliteitszorg, projectmanagement en automatisering, het
verrichten van consultancy en interim management alsmede systeemimplementatie, beheer en holding activiteiten en het beleggen van gelden. Ter beschikking stellen van arbeidskrachten.",2,0,BeslotenVennootschap,Smith-Smith,,BV,Besloten Vennootschap,Smith-Smith,Smith-Smith,,,Smith-Smith,Hoofd,,,,,,,,,,,,,,,,BINNENLANDS,1056,Amsterdam,,6030,NEDERLAND,363,Amsterdam,CR23,Groot-Amsterdam,Noord-Holland,Noordwest,Nee,Nee,zz - n.v.t./onbekend,52.37437748979011,4.816057433978149
5166178,018064980,05195556677,2022-05-04 09:03:41.3150000,Hoofdvestiging,Ja,Ja,Ja,Nee,Nee,Nee,4120           ,19970723,,20020701,,"Het verrichten van onderhoudswerkzaamheden
aan en in onroerende-zaken (klussenbedrijf).
Het beheren, administreren en (ver)huren van
onroerende-zaken onder de mede-handelsnaam:
""De Koepel"" Vastgoed.",4,0,Stichting,Ballard Inc,,ST,Stichting,Ford Ltd,Ford Ltd,,,Ballard Inc,Neven,BINNENLANDS,3021,Rotterdam,,6030,NEDERLAND,599.0,Rotterdam,CR29,Groot-Rijnmond,Zuid-Holland,Zuidwest,Nee,Nee,zz - n.v.t./onbekend,BINNENLANDS,3021,Rotterdam,,6030,NEDERLAND,599,Rotterdam,CR29,Groot-Rijnmond,Zuid-Holland,Zuidwest,Nee,Nee,zz - n.v.t./onbekend,51.92645308651267,4.428857933106379
12829498,052416070,08521471516,2016-01-21 12:01:41.9560000,Hoofdvestiging,Nee,Ja,Ja,Nee,Nee,Nee,88993          ,19990415,20151210.0,19990701,20151210.0,"Jongereninformatie- en ontmoetingspunt. Het geven van voorlichting aan jongeren. Het uitoefenen van sociale activiteiten, sport en recreatie.",2,3,Vereniging,Beasley Inc,,VER,Vereniging,Beasley Inc,Beasley Inc,,,Beasley Inc,,BINNENLANDS,3027,Rotterdam,,6030,NEDERLAND,599.0,Rotterdam,CR29,Groot-Rijnmond,Zuid-Holland,Zuidwest,Nee,Nee,zz - n.v.t./onbekend,BINNENLANDS,3027,Rotterdam,,6030,NEDERLAND,599,Rotterdam,CR29,Groot-Rijnmond,Zuid-Holland,Zuidwest,Nee,Nee,zz - n.v.t./onbekend,51.88477634353768,4.4072172133544925
5487019,086950846,05951604101,2023-05-30 14:48:37.9360000,Hoofdvestiging,Ja,Ja,Ja,Nee,Nee,Nee,9003           ,19921230,,19970116,,"Bemiddeling voor beeldend kunstenaars in de
ruimste zin, uitvoer projekten beeldende kunst.
Ondersteuning expositieruimte",5,0,Stichting,Downs and Sons,,ST,Stichting,Frank and Sons,Frank and Sons,,,Downs and Sons,Hoofd,BINNENLANDS,3012,Rotterdam,,6030,NEDERLAND,599.0,Rotterdam,CR29,Groot-Rijnmond,Zuid-Holland,Zuidwest,Nee,Nee,zz - n.v.t./onbekend,BINNENLANDS,3012,Rotterdam,,6030,NEDERLAND,599,Rotterdam,CR29,Groot-Rijnmond,Zuid-Holland,Zuidwest,Nee,Nee,zz - n.v.t./onbekend,51.88093464363523,4.4443664446255315
13792728,076488136,04175264473,2019-09-02 10:11:40.0300000,Hoofdvestiging,Nee,Ja,Ja,Nee,Nee,Nee,47192          ,19990413,20190901.0,19990501,20190901.0,"Detailhandel in (eerlijke) producten uit derde
wereld landen en het geven van informatie over
de producten",3,19,Stichting,"Reynolds, Hawkins and Wu",,ST,Stichting,"Jimenez, Stewart and Hughes","Jimenez, Stewart and Hughes",,,"Reynolds, Hawkins and Wu",,,,,,,,,,,,,,,,,BINNENLANDS,3067,Rotterdam,,6030,NEDERLAND,599,Rotterdam,CR29,Groot-Rijnmond,Zuid-Holland,Zuidwest,Nee,Nee,zz - n.v.t./onbekend,51.9027110949424,4.537605138842112
5142755,010224535,03201183102,2014-04-12 10:38:36.0710000,Hoofdvestiging,Ja,Ja,Ja,Nee,Nee,Nee,78202          ,19980420,,19980420,,"Het initiëren van maatschappelijke nutbeogende
sociaal commerciële projecten, voor migranten
en overige doelgroepen in Nederland/Rotterdam
en niet westerse landen. Te weten eerste
instantie o.a. in Suriname en Ghana.
Het bemiddelen, bevorderen van werkvoorziening
en detacheren van werkloze personeel/jongeren
bij, wel of niet vrijwillig binnen maatschap-
pelijk nuttig activerende werkprojecten.
Het bieden ter ondersteuning aan cliënten van
algemeen maatschappelijke hulp (maatschappelijk
werk) ten behoeve van sociaal problematiek.
Het bijstaan en bemiddelen t.b.v. cliënten bij
algemene instellingen, gerechtelijke en/of
beroepsprocedures.",12,0,Stichting,"Baldwin, Anderson and Hatfield",,ST,Stichting,"Baldwin, Anderson and Hatfield","Baldwin, Anderson and Hatfield",,,"Baldwin, Anderson and Hatfield",Neven,,,,,,,,,,,,,,,,BINNENLANDS,3036,Rotterdam,,6030,NEDERLAND,599,Rotterdam,CR29,Groot-Rijnmond,Zuid-Holland,Zuidwest,Nee,Nee,zz - n.v.t./onbekend,51.917943887434895,4.5072440896252814
12864416,040222651,00684178136,2013-12-24 14:51:01.9150000,Hoofdvestiging,Nee,Ja,Ja,Nee,Nee,Nee,88993          ,19980527,20131210.0,19930101,20120101.0,"Bemiddeling personeel voor tijdelijk welzijns-
werk",0,0,Stichting,"Mendoza, Johnston and Gardner",,ST,Stichting,Brown-Neal,Brown-Neal,,,"Mendoza, Johnston and Gardner",,,,,,,,,,,,,,,,,BINNENLANDS,3044,Rotterdam,,6030,NEDERLAND,599,Rotterdam,CR29,Groot-Rijnmond,Zuid-Holland,Zuidwest,Nee,Nee,Spaanse Polder,51.92927349324175,4.38226008110003
6506232,059143663,08046332552,2022-05-19 10:07:27.1120000,Hoofdvestiging,Ja,Ja,Ja,Nee,Nee,Nee,7911           ,19981117,,20080701,,"Het organiseren, doen organiseren,
mede-organiseren, begeleiden en coördineren van
reizen, waaronder Pelgrimsreizen, Hadj-reizen
en Umrah-reizen (100-500 personen of meer), cultuurreizen, studiereizen,
internationale congres, studieweekeinden.
In- en verkoop van tickets.
Het exploiteren van een reisbureau.",0,0,Stichting,"Stokes, Blanchard and Fischer",,ST,Stichting,"Flores, Mora and Navarro","Flores, Mora and Navarro",,,"Stokes, Blanchard and Fischer",Hoofd,,,,,,,,,,,,,,,,BINNENLANDS,3035,Rotterdam,,6030,NEDERLAND,599,Rotterdam,CR29,Groot-Rijnmond,Zuid-Holland,Zuidwest,Nee,Nee,zz - n.v.t./onbekend,51.954197204736616,4.517555182939613
12063778,098257259,05704011800,2021-09-22 09:06:48.8030000,Hoofdvestiging,Nee,Ja,Ja,Nee,Nee,Nee,4761           ,19991222,20201231.0,20140101,20201231.0,"In- en verkoop van boeken, geluidsdragers, multimedia. cadeauartikelen en kaarten",0,4,Stichting,"Figueroa, Jacobs and Gregory",,ST,Stichting,Singleton-Cooper,Singleton-Cooper,,,"Figueroa, Jacobs and Gregory",,BINNENLANDS,3074,Rotterdam,,6030,NEDERLAND,599.0,Rotterdam,CR29,Groot-Rijnmond,Zuid-Holland,Zuidwest,Nee,Nee,zz - n.v.t./onbekend,BINNENLANDS,3074,Rotterdam,,6030,NEDERLAND,599,Rotterdam,CR29,Groot-Rijnmond,Zuid-Holland,Zuidwest,Nee,Nee,zz - n.v.t./onbekend,51.91685132722177,4.565595467385418
7963440,059839542,05397637778,2021-11-09 14:26:06.0940000,Hoofdvestiging,Ja,Ja,Ja,Nee,Nee,Nee,86221          ,20000228,,20000228,,"Het verrichtten van geneeskunde in de ruimste zin des woords, waaronder dermatologie, venerologie en flebologie",8,1,Stichting,"Mitchell, Stafford and Hill",,ST,Stichting,Williams LLC,Williams LLC,,,"Mitchell, Stafford and Hill",Hoofd,BINNENLANDS,3011,Rotterdam,,6030,NEDERLAND,599.0,Rotterdam,CR29,Groot-Rijnmond,Zuid-Holland,Zuidwest,Nee,Nee,zz - n.v.t./onbekend,BINNENLANDS,3011,Rotterdam,,6030,NEDERLAND,599,Rotterdam,CR29,Groot-Rijnmond,Zuid-Holland,Zuidwest,Nee,Nee,zz - n.v.t./onbekend,51.87252768378845,4.4379027314857264
